"sample_name","organism","isolation_source","collection_date","geographic_location","latitude_and_longitude","sample_description","replicate"
"BlankD","Blank metagenome","Blank","2016-08-05","Canada:Quebec","50.252049 N 63.604029 W","DNA",1
"HW24D","Hyporheicwater metagenome","Hyporheicwater","2016-06-10","Canada:Quebec","51.21285 N 63.92264 W","DNA",1
"HW24R","Hyporheicwater metagenome","Hyporheicwater","2016-06-10","Canada:Quebec","51.21285 N 63.92264 W","cDNA",1
"HW25D","Hyporheicwater metagenome","Hyporheicwater","2016-06-10","Canada:Quebec","51.20954 N 63.42093 W","DNA",1
"HW25R","Hyporheicwater metagenome","Hyporheicwater","2016-06-10","Canada:Quebec","51.20954 N 63.42093 W","cDNA",1
"HW26D","Hyporheicwater metagenome","Hyporheicwater","2016-06-11","Canada:Quebec","51.36657 N 63.87721 W","DNA",1
"HW26R","Hyporheicwater metagenome","Hyporheicwater","2016-06-11","Canada:Quebec","51.36657 N 63.87721 W","cDNA",1
"HW27D","Hyporheicwater metagenome","Hyporheicwater","2016-06-11","Canada:Quebec","51.36616 N 63.87573 W","DNA",1
"HW27R","Hyporheicwater metagenome","Hyporheicwater","2016-06-11","Canada:Quebec","51.36616 N 63.87573 W","cDNA",1
"HW28D","Hyporheicwater metagenome","Hyporheicwater","2016-06-12","Canada:Quebec","51.20215 N 63.92329 W","DNA",1
"HW28R","Hyporheicwater metagenome","Hyporheicwater","2016-06-12","Canada:Quebec","51.20215 N 63.92329 W","cDNA",1
"HW30D","Hyporheicwater metagenome","Hyporheicwater","2016-06-12","Canada:Quebec","51.18623 N 63.93188 W","DNA",1
"HW30R","Hyporheicwater metagenome","Hyporheicwater","2016-06-12","Canada:Quebec","51.18623 N 63.93188 W","cDNA",1
"HW31D","Hyporheicwater metagenome","Hyporheicwater","2016-06-15","Canada:Quebec","51.30344 N 63.86294 W","DNA",1
"HW31R","Hyporheicwater metagenome","Hyporheicwater","2016-06-15","Canada:Quebec","51.30344 N 63.86294 W","cDNA",1
"HW32D","Hyporheicwater metagenome","Hyporheicwater","2016-06-13","Canada:Quebec","51.30254 N 63.87091 W","DNA",1
"HW32R","Hyporheicwater metagenome","Hyporheicwater","2016-06-13","Canada:Quebec","51.30254 N 63.87091 W","cDNA",1
"HW33D","Hyporheicwater metagenome","Hyporheicwater","2016-08-04","Canada:Quebec","51.36618 N 63.87583 W","DNA",1
"HW34D","Hyporheicwater metagenome","Hyporheicwater","2016-08-04","Canada:Quebec","51.36654 N 63.87719 W","DNA",1
"HW34R","Hyporheicwater metagenome","Hyporheicwater","2016-08-04","Canada:Quebec","51.36654 N 63.87719 W","cDNA",1
"HW35D","Hyporheicwater metagenome","Hyporheicwater","2016-08-05","Canada:Quebec","51.21284 N 63.92261 W","DNA",1
"HW35R","Hyporheicwater metagenome","Hyporheicwater","2016-08-05","Canada:Quebec","51.21284 N 63.92261 W","cDNA",1
"HW36D","Hyporheicwater metagenome","Hyporheicwater","2016-08-05","Canada:Quebec","51.2095 N 63.92092 W","DNA",1
"HW36R","Hyporheicwater metagenome","Hyporheicwater","2016-08-05","Canada:Quebec","51.2095 N 63.92092 W","cDNA",1
"HW37D","Hyporheicwater metagenome","Hyporheicwater","2016-08-07","Canada:Quebec","51.20212 N 63.9233 W","DNA",1
"HW37R","Hyporheicwater metagenome","Hyporheicwater","2016-08-07","Canada:Quebec","51.20212 N 63.9233 W","cDNA",1
"HW40D","Hyporheicwater metagenome","Hyporheicwater","2016-08-09","Canada:Quebec","51.303572 N 63.869197 W","DNA",1
"HW40R","Hyporheicwater metagenome","Hyporheicwater","2016-08-09","Canada:Quebec","51.303572 N 63.869197 W","cDNA",1
"HW42D","Hyporheicwater metagenome","Hyporheicwater","2016-08-10","Canada:Quebec","51.30536 N 63.8649 W","DNA",1
"HW42R","Hyporheicwater metagenome","Hyporheicwater","2016-08-10","Canada:Quebec","51.30536 N 63.8649 W","cDNA",1
"HW43D","Hyporheicwater metagenome","Hyporheicwater","2016-08-10","Canada:Quebec","51.30408 N 63.85194 W","DNA",1
"L230R","Lake metagenome","Lake","2016-06-13","Canada:Quebec","51.18157 N 63.92587 W","cDNA",1
"L313D","Pond metagenome","Pond","2015-06-16","Canada:Quebec","51.18194 N 63.92686 W","DNA",1
"L314D","Pond metagenome","Pond","2015-06-17","Canada:Quebec","51.17814 N 63.92364 W","DNA",1
"L315D","Pond metagenome","Pond","2015-06-17","Canada:Quebec","51.18145 N 63.89828 W","DNA",1
"L316D","Pond metagenome","Pond","2015-06-17","Canada:Quebec","51.18873 N 63.90278 W","DNA",1
"L317D","Pond metagenome","Pond","2015-06-17","Canada:Quebec","51.18144 N 63.92325 W","DNA",1
"L318D","Lake metagenome","Lake","2015-06-17","Canada:Quebec","50.22601 N 63.91127 W","DNA",1
"L319D","Lake metagenome","Lake","2015-06-17","Canada:Quebec","50.21503 N 63.89979 W","DNA",1
"L320D","Lake metagenome","Lake","2015-06-17","Canada:Quebec","50.21899 N 63.82191 W","DNA",1
"L321D","Lake metagenome","Lake","2015-08-04","Canada:Quebec","50.21899 N 63.82191 W","DNA",1
"L322D","Lake metagenome","Lake","2015-08-04","Canada:Quebec","50.21503 N 63.89979 W","DNA",1
"L323D","Pond metagenome","Pond","2015-08-07","Canada:Quebec","51.18145 N 63.92259 W","DNA",1
"L324D","Pond metagenome","Pond","2015-08-07","Canada:Quebec","51.18139 N 63.89829 W","DNA",1
"L325D","Pond metagenome","Pond","2015-08-07","Canada:Quebec","51.17887 N 63.92581 W","DNA",1
"L326D","Pond metagenome","Pond","2015-08-07","Canada:Quebec","51.18167 N 63.92587 W","DNA",1
"L327D","Pond metagenome","Pond","2015-08-07","Canada:Quebec","51.18924 N 63.90315 W","DNA",1
"L3281D","Lake metagenome","Lake","2016-06-12","Canada:Quebec","50.57727 N 63.46136 W","DNA",1
"L3281R","Lake metagenome","Lake","2016-06-12","Canada:Quebec","50.57727 N 63.46136 W","cDNA",1
"L3282R","Lake metagenome","Lake","2016-06-12","Canada:Quebec","50.46541 N 63.57906 W","cDNA",1
"L3291D","Lake metagenome","Lake","2016-06-12","Canada:Quebec","50.5621 N 63.30718 W","DNA",1
"L3291R","Lake metagenome","Lake","2016-06-12","Canada:Quebec","50.5621 N 63.30718 W","cDNA",1
"L3292D","Lake metagenome","Lake","2016-06-12","Canada:Quebec","50.47179 N 63.42405 W","DNA",1
"L3292R","Lake metagenome","Lake","2016-06-12","Canada:Quebec","50.47179 N 63.42405 W","cDNA",1
"L330CM1R","Sediment metagenome","Sediment","2016-06-13","Canada:Quebec","51.18157 N 63.92587 W","cDNA",1
"L330CM2D","Sediment metagenome","Sediment","2016-06-13","Canada:Quebec","51.18157 N 63.92587 W","DNA",1
"L330CM2R","Sediment metagenome","Sediment","2016-08-05","Canada:Quebec","51.18157 N 63.92587 W","cDNA",1
"L330CM3D","Sediment metagenome","Sediment","2016-08-05","Canada:Quebec","51.18157 N 63.92587 W","DNA",1
"L330D","Lake metagenome","Lake","2016-08-05","Canada:Quebec","51.18157 N 63.92587 W","DNA",1
"L330R","Lake metagenome","Lake","2016-08-05","Canada:Quebec","51.18157 N 63.92587 W","cDNA",1
"L331D","Lake metagenome","Lake","2016-08-05","Canada:Quebec","51.18164 N 63.92405 W","DNA",1
"L331R","Lake metagenome","Lake","2016-08-05","Canada:Quebec","51.18164 N 63.92405 W","cDNA",1
"L331SD","Sediment metagenome","Sediment","2016-08-05","Canada:Quebec","51.18164 N 63.92405 W","DNA",1
"L331SR","Sediment metagenome","Sediment","2016-08-05","Canada:Quebec","51.18164 N 63.92405 W","cDNA",1
"L332D","Lake metagenome","Lake","2016-08-11","Canada:Quebec","51.18935 N 63.90314 W","DNA",1
"L332R","Lake metagenome","Lake","2016-08-11","Canada:Quebec","51.18935 N 63.90314 W","cDNA",1
"L332SD","Sediment metagenome","Sediment","2016-08-11","Canada:Quebec","51.18164 N 63.89855 W","DNA",1
"L332SR","Sediment metagenome","Sediment","2016-08-11","Canada:Quebec","51.18935 N 63.90314 W","cDNA",1
"L333D","Lake metagenome","Lake","2016-08-11","Canada:Quebec","51.18164 N 63.89855 W","DNA",1
"L333R","Lake metagenome","Lake","2016-08-11","Canada:Quebec","51.18164 N 63.89855 W","cDNA",1
"L334D","Lake metagenome","Lake","2016-08-11","Canada:Quebec","51.19883 N 63.90014 W","DNA",1
"L334R","Lake metagenome","Lake","2016-08-11","Canada:Quebec","51.19883 N 63.90014 W","cDNA",1
"L3351D","Lake metagenome","Lake","2016-08-12","Canada:Quebec","50.58389 N 63.46034 W","DNA",1
"L3362D","Lake metagenome","Lake","2016-08-12","Canada:Quebec","50.51064 N 63.41678 W","DNA",1
"L349D","Lake metagenome","Lake","2017-10-07","Canada:Quebec","50.98998 N 63.21911 W","DNA",1
"L349R","Lake metagenome","Lake","2017-10-07","Canada:Quebec","50.98998 N 63.21911 W","cDNA",1
"LR01D","River metagenome","River","2015-06-07","Canada:Quebec","50.38165 N 63.26705 W","DNA",1
"LR03D","River metagenome","River","2015-06-08","Canada:Quebec","50.6206 N 63.17048 W","DNA",1
"LR05D","River metagenome","River","2015-06-09","Canada:Quebec","50.53663 N 63.22217 W","DNA",1
"LR06D","River metagenome","River","2015-06-10","Canada:Quebec","50.31046 N 63.6461 W","DNA",1
"LR09D","River metagenome","River","2015-06-11","Canada:Quebec","51.15182 N 63.39905 W","DNA",1
"LR10D","Lake metagenome","Lake","2015-06-14","Canada:Quebec","52.27356 N 63.77532 W","DNA",1
"LR113D","Lake metagenome","Lake","2017-08-09","Canada:Quebec","52.3521241188954 N 63.9812450963776 W","DNA",1
"LR113R","Lake metagenome","Lake","2017-08-09","Canada:Quebec","52.3521241188954 N 63.9812450963776 W","cDNA",1
"LR116D","River metagenome","River","2017-08-09","Canada:Quebec","52.0589174319258 N 63.8435444580924 W","DNA",1
"LR116R","River metagenome","River","2017-08-09","Canada:Quebec","52.0589174319258 N 63.8435444580924 W","cDNA",1
"LR120D","River metagenome","River","2017-08-12","Canada:Quebec","51.3763394609061 N 63.5729518730552 W","DNA",1
"LR120R","River metagenome","River","2017-08-12","Canada:Quebec","51.3763394609061 N 63.5729518730552 W","cDNA",1
"LR121D","River metagenome","River","2017-08-17","Canada:Quebec","50.3041661760171 N 63.5958847693471 W","DNA",1
"LR121R","River metagenome","River","2017-08-17","Canada:Quebec","50.3041661760171 N 63.5958847693471 W","cDNA",1
"LR122D","River metagenome","River","2017-08-17","Canada:Quebec","50.3156978904738 N 63.4630805649971 W","DNA",1
"LR122R","River metagenome","River","2017-08-17","Canada:Quebec","50.3156978904738 N 63.4630805649971 W","cDNA",1
"LR123D","River metagenome","River","2017-08-18","Canada:Quebec","50.3245 N 63.36677 W","DNA",1
"LR123R","River metagenome","River","2017-08-18","Canada:Quebec","50.3245 N 63.36677 W","cDNA",1
"LR125D","River metagenome","River","2017-08-18","Canada:Quebec","50.38229 N 63.26742 W","DNA",1
"LR125R","River metagenome","River","2017-08-18","Canada:Quebec","50.38229 N 63.26742 W","cDNA",1
"LR126D","River metagenome","River","2017-08-18","Canada:Quebec","50.31345 N 63.77851 W","DNA",1
"LR126R","River metagenome","River","2017-08-18","Canada:Quebec","50.31345 N 63.77851 W","cDNA",1
"LR127D","River metagenome","River","2017-08-18","Canada:Quebec","50.3097 N 63.62239 W","DNA",1
"LR127R","River metagenome","River","2017-08-18","Canada:Quebec","50.3097 N 63.62239 W","cDNA",1
"LR128D","River metagenome","River","2017-10-04","Canada:Quebec","51.90361 N 63.81292 W","DNA",1
"LR128R","River metagenome","River","2017-10-04","Canada:Quebec","51.90361 N 63.81292 W","cDNA",1
"LR12D","Lake metagenome","Lake","2015-06-14","Canada:Quebec","52.35785 N 64.00396 W","DNA",1
"LR131D","River metagenome","River","2017-10-04","Canada:Quebec","51.37579 N 63.572 W","DNA",1
"LR131R","River metagenome","River","2017-10-04","Canada:Quebec","51.37579 N 63.572 W","cDNA",1
"LR134D","Lake metagenome","Lake","2017-10-05","Canada:Quebec","52.08962 N 63.84148 W","DNA",1
"LR134R","Lake metagenome","Lake","2017-10-05","Canada:Quebec","52.08962 N 63.84148 W","cDNA",1
"LR137D","River metagenome","River","2017-10-06","Canada:Quebec","50.31519 N 63.7739 W","DNA",1
"LR137R","River metagenome","River","2017-10-06","Canada:Quebec","50.31519 N 63.7739 W","cDNA",1
"LR138D","River metagenome","River","2017-10-07","Canada:Quebec","50.32291 N 63.36678 W","DNA",1
"LR138R","River metagenome","River","2017-10-07","Canada:Quebec","50.32291 N 63.36678 W","cDNA",1
"LR139D","River metagenome","River","2017-10-07","Canada:Quebec","50.32779 N 63.2865 W","DNA",1
"LR139R","River metagenome","River","2017-10-07","Canada:Quebec","50.32779 N 63.2865 W","cDNA",1
"LR13D","Lake metagenome","Lake","2015-06-14","Canada:Quebec","52.05514 N 63.69982 W","DNA",1
"LR140D","River metagenome","River","2017-10-07","Canada:Quebec","50.3826 N 63.26749 W","DNA",1
"LR140R","River metagenome","River","2017-10-07","Canada:Quebec","50.3826 N 63.26749 W","cDNA",1
"LR142D","River metagenome","River","2017-10-10","Canada:Quebec","50.30284 N 63.59752 W","DNA",1
"LR142R","River metagenome","River","2017-10-10","Canada:Quebec","50.30284 N 63.59752 W","cDNA",1
"LR14D","Lake metagenome","Lake","2015-06-14","Canada:Quebec","52.09031 N 63.83427 W","DNA",1
"LR15D","River metagenome","River","2015-06-15","Canada:Quebec","52.0642 N 63.84167 W","DNA",1
"LR17blankc2D","Blank metagenome","Blank","2017-08-18","Canada:Quebec","50.252049 N 63.604029 W","DNA",1
"LR17D","River metagenome","River","2015-06-15","Canada:Quebec","51.78004 N 63.7155 W","DNA",1
"LR18D","River metagenome","River","2015-06-16","Canada:Quebec","50.31445 N 63.54765 W","DNA",1
"LR19D","River metagenome","River","2015-06-16","Canada:Quebec","51.70176 N 63.72171 W","DNA",1
"LR20D","River metagenome","River","2015-06-16","Canada:Quebec","51.38239 N 63.5853 W","DNA",1
"LR24D","River metagenome","River","2015-08-01","Canada:Quebec","50.37971 N 63.26574 W","DNA",1
"LR27D","River metagenome","River","2015-08-02","Canada:Quebec","50.30883 N 63.62249 W","DNA",1
"LR29D","River metagenome","River","2015-08-03","Canada:Quebec","50.62703 N 63.18789 W","DNA",1
"LR31D","River metagenome","River","2015-08-03","Canada:Quebec","50.46586 N 63.23566 W","DNA",1
"LR32D","River metagenome","River","2015-08-05","Canada:Quebec","51.27679 N 63.35451 W","DNA",1
"LR34D","River metagenome","River","2015-08-08","Canada:Quebec","51.68949 N 63.72206 W","DNA",1
"LR35D","Lake metagenome","Lake","2015-08-09","Canada:Quebec","52.35411 N 63.99541 W","DNA",1
"LR36D","Lake metagenome","Lake","2015-08-09","Canada:Quebec","52.23624 N 63.77818 W","DNA",1
"LR37D","Lake metagenome","Lake","2015-08-09","Canada:Quebec","52.12115 N 63.71056 W","DNA",1
"LR38D","Lake metagenome","Lake","2015-08-09","Canada:Quebec","52.05493 N 63.7011 W","DNA",1
"LR39D","Lake metagenome","Lake","2015-08-09","Canada:Quebec","52.08602 N 63.83853 W","DNA",1
"LR40D","River metagenome","River","2015-08-09","Canada:Quebec","50.29681 N 63.80553 W","DNA",1
"LR41D","River metagenome","River","2015-08-09","Canada:Quebec","50.29335 N 63.81304 W","DNA",1
"LR42D","River metagenome","River","2015-08-10","Canada:Quebec","52.06438 N 63.84188 W","DNA",1
"LR45D","River metagenome","River","2015-08-11","Canada:Quebec","51.38594 N 63.59067 W","DNA",1
"LR47D","River metagenome","River","2015-08-11","Canada:Quebec","51.26144 N 63.34465 W","DNA",1
"LR48D","River metagenome","River","2015-08-11","Canada:Quebec","50.31302 N 63.54258 W","DNA",1
"LR49D","Lake metagenome","Lake","2016-06-02","Canada:Quebec","52.35835 N 63.9938 W","DNA",1
"LR49R","Lake metagenome","Lake","2016-06-02","Canada:Quebec","52.35835 N 63.9938 W","cDNA",1
"LR50D","Lake metagenome","Lake","2016-06-02","Canada:Quebec","52.12788 N 63.70666 W","DNA",1
"LR50R","Lake metagenome","Lake","2016-06-02","Canada:Quebec","52.12788 N 63.70666 W","cDNA",1
"LR51D","Lake metagenome","Lake","2016-06-02","Canada:Quebec","52.05113 N 63.70082 W","DNA",1
"LR51R","Lake metagenome","Lake","2016-06-02","Canada:Quebec","52.05113 N 63.70082 W","cDNA",1
"LR52D","Lake metagenome","Lake","2016-06-03","Canada:Quebec","52.0863 N 63.83093 W","DNA",1
"LR53D","River metagenome","River","2016-06-03","Canada:Quebec","52.05905 N 63.84372 W","DNA",1
"LR53R","River metagenome","River","2016-06-03","Canada:Quebec","52.05905 N 63.84372 W","cDNA",1
"LR54D","River metagenome","River","2016-06-03","Canada:Quebec","51.97409 N 63.77726 W","DNA",1
"LR54R","River metagenome","River","2016-06-03","Canada:Quebec","51.97409 N 63.77726 W","cDNA",1
"LR55D","River metagenome","River","2016-06-05","Canada:Quebec","51.77992 N 63.71551 W","DNA",1
"LR56D","River metagenome","River","2016-06-05","Canada:Quebec","51.70283 N 63.71917 W","DNA",1
"LR56R","River metagenome","River","2016-06-05","Canada:Quebec","51.70283 N 63.71917 W","cDNA",1
"LR57D","River metagenome","River","2016-06-09","Canada:Quebec","50.38105 N 63.26677 W","DNA",1
"LR58D","River metagenome","River","2016-06-09","Canada:Quebec","50.32945 N 63.29131 W","DNA",1
"LR58R","River metagenome","River","2016-06-09","Canada:Quebec","50.32945 N 63.29131 W","cDNA",1
"LR59D","River metagenome","River","2016-06-09","Canada:Quebec","50.32291 N 63.36477 W","DNA",1
"LR59R","River metagenome","River","2016-06-09","Canada:Quebec","50.32291 N 63.36477 W","cDNA",1
"LR60D","River metagenome","River","2016-06-09","Canada:Quebec","50.30492 N 63.58691 W","DNA",1
"LR60R","River metagenome","River","2016-06-09","Canada:Quebec","50.30492 N 63.58691 W","cDNA",1
"LR61D","River metagenome","River","2016-06-09","Canada:Quebec","50.31145 N 63.48157 W","DNA",1
"LR61R","River metagenome","River","2016-06-09","Canada:Quebec","50.31145 N 63.48157 W","cDNA",1
"LR62D","River metagenome","River","2016-06-09","Canada:Quebec","50.317449 N 63.31067 W","DNA",1
"LR62R","River metagenome","River","2016-06-09","Canada:Quebec","50.317449 N 63.31067 W","cDNA",1
"LR63D","River metagenome","River","2016-06-11","Canada:Quebec","51.38269 N 63.58594 W","DNA",1
"LR63R","River metagenome","River","2016-06-11","Canada:Quebec","51.38269 N 63.58594 W","cDNA",1
"LR64D","River metagenome","River","2016-06-11","Canada:Quebec","51.30358 N 63.39372 W","DNA",1
"LR64R","River metagenome","River","2016-06-11","Canada:Quebec","51.30358 N 63.39372 W","cDNA",1
"LR65D","River metagenome","River","2016-06-11","Canada:Quebec","51.27259 N 63.35046 W","DNA",1
"LR65R","River metagenome","River","2016-06-11","Canada:Quebec","51.27259 N 63.35046 W","cDNA",1
"LR66R","River metagenome","River","2016-06-12","Canada:Quebec","51.18214 N 63.36409 W","cDNA",1
"LR67D","River metagenome","River","2016-06-14","Canada:Quebec","50.3096 N 63.6232 W","DNA",1
"LR67R","River metagenome","River","2016-06-14","Canada:Quebec","50.3096 N 63.6232 W","cDNA",1
"LR68D","River metagenome","River","2016-06-14","Canada:Quebec","50.31653 N 63.76784 W","DNA",1
"LR68R","River metagenome","River","2016-06-14","Canada:Quebec","50.31653 N 63.76784 W","cDNA",1
"LR69D","River metagenome","River","2016-08-06","Canada:Quebec","50.32419 N 63.36647 W","DNA",1
"LR69R","River metagenome","River","2016-08-06","Canada:Quebec","50.32419 N 63.36647 W","cDNA",1
"LR70D","River metagenome","River","2016-08-06","Canada:Quebec","50.32811 N 63.28559 W","DNA",1
"LR71D","River metagenome","River","2016-08-06","Canada:Quebec","50.38126 N 63.26665 W","DNA",1
"LR71R","River metagenome","River","2016-08-06","Canada:Quebec","50.38126 N 63.26665 W","cDNA",1
"LR72D","Lake metagenome","Lake","2016-08-09","Canada:Quebec","52.35541 N 63.99129 W","DNA",1
"LR72R","Lake metagenome","Lake","2016-08-09","Canada:Quebec","52.35541 N 63.99129 W","cDNA",1
"LR73D","Lake metagenome","Lake","2016-08-11","Canada:Quebec","52.087 N 63.83802 W","DNA",1
"LR73R","Lake metagenome","Lake","2016-08-11","Canada:Quebec","52.087 N 63.83802 W","cDNA",1
"LR74R","Lake metagenome","Lake","2016-08-11","Canada:Quebec","52.05544 N 63.68134 W","cDNA",1
"LR75D","River metagenome","River","2016-08-11","Canada:Quebec","50.36592 N 63.58032 W","DNA",1
"LR75R","River metagenome","River","2016-08-11","Canada:Quebec","50.36592 N 63.58032 W","cDNA",1
"LR80D","River metagenome","River","2016-08-14","Canada:Quebec","51.65284 N 63.71143 W","DNA",1
"LR80R","River metagenome","River","2016-08-14","Canada:Quebec","51.65284 N 63.71143 W","cDNA",1
"LRH04D","River metagenome","River","2015-06-12","Canada:Quebec","50.31684 N 63.30894 W","DNA",1
"LRH07D","River metagenome","River","2015-06-12","Canada:Quebec","50.30083 N 63.81233 W","DNA",1
"LRH08D","River metagenome","River","2015-06-12","Canada:Quebec","50.30064 N 63.81285 W","DNA",1
"LRH09D","River metagenome","River","2015-06-12","Canada:Quebec","50.29303 N 63.811132 W","DNA",1
"LRH10D","River metagenome","River","2015-06-12","Canada:Quebec","50.29588 N 63.804823 W","DNA",1
"LRH11D","River metagenome","River","2015-08-01","Canada:Quebec","50.31672 N 63.3089 W","DNA",1
"LRH14D","River metagenome","River","2015-08-01","Canada:Quebec","50.30009 N 63.8122 W","DNA",1
"LRH15D","River metagenome","River","2015-08-01","Canada:Quebec","50.30076 N 63.81276 W","DNA",1
"M01D","Estuary metagenome","Estuary","2015-06-18","Canada:Quebec","50.28242 N 63.86163 W","DNA",1
"M02D","Estuary metagenome","Estuary","2015-06-18","Canada:Quebec","50.27224 N 63.85679 W","DNA",1
"M03D","Estuary metagenome","Estuary","2015-06-18","Canada:Quebec","50.2566 N 63.8327 W","DNA",1
"M04D","Estuary metagenome","Estuary","2015-06-18","Canada:Quebec","50.24688 N 63.78448 W","DNA",1
"M05D","Estuary metagenome","Estuary","2015-06-18","Canada:Quebec","50.24012 N 63.7585 W","DNA",1
"M06D","Estuary metagenome","Estuary","2015-06-18","Canada:Quebec","50.23954 N 63.72033 W","DNA",1
"M07D","Estuary metagenome","Estuary","2015-06-18","Canada:Quebec","50.21693 N 63.70586 W","DNA",1
"M08D","Estuary metagenome","Estuary","2015-06-18","Canada:Quebec","50.18846 N 63.69431 W","DNA",1
"M09D","Estuary metagenome","Estuary","2015-08-14","Canada:Quebec","50.2591 N 63.83741 W","DNA",1
"M10D","Estuary metagenome","Estuary","2015-08-14","Canada:Quebec","50.25995 N 63.83869 W","DNA",1
"M11D","Estuary metagenome","Estuary","2015-08-14","Canada:Quebec","50.26222 N 63.84091 W","DNA",1
"M12D","Estuary metagenome","Estuary","2015-08-14","Canada:Quebec","50.27225 N 63.85675 W","DNA",1
"M13D","Estuary metagenome","Estuary","2015-08-14","Canada:Quebec","50.23985 N 63.76012 W","DNA",1
"M14D","Estuary metagenome","Estuary","2015-08-14","Canada:Quebec","50.24043 N 63.72075 W","DNA",1
"M15D","Estuary metagenome","Estuary","2015-08-14","Canada:Quebec","50.2174 N 63.70496 W","DNA",1
"M16D","Estuary metagenome","Estuary","2015-08-14","Canada:Quebec","50.28235 N 63.86902 W","DNA",1
"M17D","Estuary metagenome","Estuary","2016-08-14","Canada:Quebec","50.28684 N 63.84786 W","DNA",1
"M17R","Estuary metagenome","Estuary","2016-08-14","Canada:Quebec","50.28684 N 63.84786 W","cDNA",1
"M18D","Estuary metagenome","Estuary","2016-08-14","Canada:Quebec","50.28551 N 63.85236 W","DNA",1
"M18R","Estuary metagenome","Estuary","2016-08-14","Canada:Quebec","50.28551 N 63.85236 W","cDNA",1
"M19D","Estuary metagenome","Estuary","2016-08-14","Canada:Quebec","50.26292 N 63.85185 W","DNA",1
"M19R","Estuary metagenome","Estuary","2016-08-14","Canada:Quebec","50.26292 N 63.85185 W","cDNA",1
"M20D","Estuary metagenome","Estuary","2016-08-14","Canada:Quebec","50.2596 N 63.84907 W","DNA",1
"M20R","Estuary metagenome","Estuary","2016-08-14","Canada:Quebec","50.2596 N 63.84907 W","cDNA",1
"PR01D","Stream metagenome","Stream","2015-06-07","Canada:Quebec","51.368157 N 63.876955 W","DNA",1
"PR03D","Stream metagenome","Stream","2015-06-08","Canada:Quebec","51.21028 N 63.92063 W","DNA",1
"PR05D","Stream metagenome","Stream","2015-06-13","Canada:Quebec","51.20287 N 63.92476 W","DNA",1
"PR07D","Stream metagenome","Stream","2015-06-13","Canada:Quebec","51.1863 N 63.9319 W","DNA",1
"PR09D","Stream metagenome","Stream","2015-06-14","Canada:Quebec","51.30254 N 63.87091 W","DNA",1
"PR11D","Stream metagenome","Stream","2015-06-15","Canada:Quebec","51.3055 N 63.86446 W","DNA",1
"PR13D","Stream metagenome","Stream","2015-08-02","Canada:Quebec","51.368157 N 63.876955 W","DNA",1
"PR15D","Stream metagenome","Stream","2015-08-03","Canada:Quebec","51.30254 N 63.87091 W","DNA",1
"PR17D","Stream metagenome","Stream","2015-08-03","Canada:Quebec","51.3055 N 63.86446 W","DNA",1
"PR19D","Stream metagenome","Stream","2015-08-05","Canada:Quebec","51.20287 N 63.92476 W","DNA",1
"PR21D","Stream metagenome","Stream","2015-08-06","Canada:Quebec","51.21028 N 63.92063 W","DNA",1
"PR23D","Stream metagenome","Stream","2015-08-07","Canada:Quebec","51.1863 N 63.9319 W","DNA",1
"PR24D","Stream metagenome","Stream","2016-06-10","Canada:Quebec","51.21285 N 63.92264 W","DNA",1
"PR24R","Stream metagenome","Stream","2016-06-10","Canada:Quebec","51.21285 N 63.92264 W","cDNA",1
"PR25D","Stream metagenome","Stream","2016-06-10","Canada:Quebec","51.20954 N 63.92093 W","DNA",1
"PR25R","Stream metagenome","Stream","2016-06-10","Canada:Quebec","51.20954 N 63.92093 W","cDNA",1
"PR26D","Stream metagenome","Stream","2016-06-11","Canada:Quebec","51.36657 N 63.87721 W","DNA",1
"PR26R","Stream metagenome","Stream","2016-06-11","Canada:Quebec","51.36657 N 63.87721 W","cDNA",1
"PR27D","Stream metagenome","Stream","2016-06-11","Canada:Quebec","51.36616 N 63.87573 W","DNA",1
"PR27R","Stream metagenome","Stream","2016-06-11","Canada:Quebec","51.36616 N 63.87573 W","cDNA",1
"PR28D","Stream metagenome","Stream","2016-06-12","Canada:Quebec","51.20215 N 63.92329 W","DNA",1
"PR28R","Stream metagenome","Stream","2016-06-12","Canada:Quebec","51.20215 N 63.92329 W","cDNA",1
"PR29.1D","Stream metagenome","Stream","2016-06-12","Canada:Quebec","51.2029 N 63.92485 W","DNA",1
"PR29.2D","Stream metagenome","Stream","2016-06-12","Canada:Quebec","51.2029 N 63.92485 W","DNA",2
"PR29R","Stream metagenome","Stream","2016-06-12","Canada:Quebec","51.2029 N 63.92485 W","cDNA",1
"PR30.1D","Stream metagenome","Stream","2016-06-12","Canada:Quebec","51.18623 N 63.93188 W","DNA",1
"PR30.2D","Stream metagenome","Stream","2016-06-12","Canada:Quebec","51.18623 N 63.93188 W","DNA",2
"PR30R","Stream metagenome","Stream","2016-06-12","Canada:Quebec","51.18623 N 63.93188 W","cDNA",1
"PR31.1D","Stream metagenome","Stream","2016-06-15","Canada:Quebec","51.30344 N 63.86294 W","DNA",1
"PR31.2D","Stream metagenome","Stream","2016-06-15","Canada:Quebec","51.30344 N 63.86294 W","DNA",2
"PR31R","Stream metagenome","Stream","2016-06-15","Canada:Quebec","51.30344 N 63.86294 W","cDNA",1
"PR32R","Stream metagenome","Stream","2016-06-13","Canada:Quebec","51.30254 N 63.87091 W","cDNA",1
"PR33D","Stream metagenome","Stream","2016-08-04","Canada:Quebec","51.36618 N 63.87583 W","DNA",1
"PR34D","Stream metagenome","Stream","2016-08-04","Canada:Quebec","51.36654 N 63.87719 W","DNA",1
"PR34R","Stream metagenome","Stream","2016-08-04","Canada:Quebec","51.36654 N 63.87719 W","cDNA",1
"PR35D","Stream metagenome","Stream","2016-08-05","Canada:Quebec","51.21284 N 63.92261 W","DNA",1
"PR35R","Stream metagenome","Stream","2016-08-05","Canada:Quebec","51.21284 N 63.92261 W","cDNA",1
"PR36D","Stream metagenome","Stream","2016-08-05","Canada:Quebec","51.2095 N 63.92092 W","DNA",1
"PR36R","Stream metagenome","Stream","2016-08-05","Canada:Quebec","51.2095 N 63.92092 W","cDNA",1
"PR37D","Stream metagenome","Stream","2016-08-07","Canada:Quebec","51.20212 N 63.9233 W","DNA",1
"PR37R","Stream metagenome","Stream","2016-08-07","Canada:Quebec","51.20212 N 63.9233 W","cDNA",1
"PR38D","Stream metagenome","Stream","2016-08-07","Canada:Quebec","51.20287 N 63.92476 W","DNA",1
"PR38R","Stream metagenome","Stream","2016-08-07","Canada:Quebec","51.20287 N 63.92476 W","cDNA",1
"PR39D","Stream metagenome","Stream","2016-08-07","Canada:Quebec","51.18631 N 63.93174 W","DNA",1
"PR40D","Stream metagenome","Stream","2016-08-09","Canada:Quebec","51.303572 N 63.869197 W","DNA",1
"PR40R","Stream metagenome","Stream","2016-08-09","Canada:Quebec","51.303572 N 63.869197 W","cDNA",1
"PR41D","Stream metagenome","Stream","2016-08-09","Canada:Quebec","51.30254 N 63.87091 W","DNA",1
"PR41R","Stream metagenome","Stream","2016-08-09","Canada:Quebec","51.30254 N 63.87091 W","cDNA",1
"PR42D","Stream metagenome","Stream","2016-08-10","Canada:Quebec","51.30536 N 63.8649 W","DNA",1
"PR42R","Stream metagenome","Stream","2016-08-10","Canada:Quebec","51.30536 N 63.8649 W","cDNA",1
"PR43D","Stream metagenome","Stream","2016-08-10","Canada:Quebec","51.30408 N 63.85194 W","DNA",1
"PR43R","Stream metagenome","Stream","2016-08-10","Canada:Quebec","51.30408 N 63.85194 W","cDNA",1
"RO101D","Reservoir metagenome","Reservoir","2016-06-05","Canada:Quebec","50.63185 N 63.16687 W","DNA",1
"RO101R","Reservoir metagenome","Reservoir","2016-06-05","Canada:Quebec","50.63185 N 63.16687 W","cDNA",1
"RO102D","Reservoir metagenome","Reservoir","2016-06-05","Canada:Quebec","50.62154 N 63.17035 W","DNA",1
"RO102R","Reservoir metagenome","Reservoir","2016-06-05","Canada:Quebec","50.62154 N 63.17035 W","cDNA",1
"RO103D","Reservoir metagenome","Reservoir","2016-06-05","Canada:Quebec","50.54065 N 63.22003 W","DNA",1
"RO103R","Reservoir metagenome","Reservoir","2016-06-05","Canada:Quebec","50.54065 N 63.22003 W","cDNA",1
"RO104D","Reservoir metagenome","Reservoir","2016-06-06","Canada:Quebec","50.46759 N 63.24461 W","DNA",1
"RO104R","Reservoir metagenome","Reservoir","2016-06-06","Canada:Quebec","50.46759 N 63.24461 W","cDNA",1
"RO105R","Reservoir metagenome","Reservoir","2016-06-06","Canada:Quebec","50.4438 N 63.2303 W","cDNA",1
"RO106.1D","Reservoir metagenome","Reservoir","2016-06-15","Canada:Quebec","50.42649 N 63.22844 W","DNA",1
"RO106.2D","Reservoir metagenome","Reservoir","2016-06-15","Canada:Quebec","50.42649 N 63.22844 W","DNA",2
"RO106R","Reservoir metagenome","Reservoir","2016-06-15","Canada:Quebec","50.42649 N 63.22844 W","cDNA",1
"RO107D","Reservoir metagenome","Reservoir","2016-08-02","Canada:Quebec","50.46215 N 63.22967 W","DNA",1
"RO107R","Reservoir metagenome","Reservoir","2016-08-02","Canada:Quebec","50.46215 N 63.22967 W","cDNA",1
"RO108D","Reservoir metagenome","Reservoir","2016-08-04","Canada:Quebec","50.62074 N 63.16989 W","DNA",1
"RO108R","Reservoir metagenome","Reservoir","2016-08-04","Canada:Quebec","50.62074 N 63.16989 W","cDNA",1
"RO109D","Reservoir metagenome","Reservoir","2016-08-04","Canada:Quebec","50.45219 N 63.23246 W","DNA",1
"RO109R","Reservoir metagenome","Reservoir","2016-08-04","Canada:Quebec","50.45219 N 63.23246 W","cDNA",1
"RO112D","Reservoir metagenome","Reservoir","2016-08-15","Canada:Quebec","50.43068 N 63.21952 W","DNA",1
"RO112R","Reservoir metagenome","Reservoir","2016-08-15","Canada:Quebec","50.43068 N 63.21952 W","cDNA",1
"RO136D","Reservoir metagenome","Reservoir","2017-08-09","Canada:Quebec","50.46383 N 63.2183 W","DNA",1
"RO136R","Reservoir metagenome","Reservoir","2017-08-09","Canada:Quebec","50.46383 N 63.2183 W","cDNA",1
"RO138D","Reservoir metagenome","Reservoir","2017-08-09","Canada:Quebec","50.46229 N 63.23435 W","DNA",1
"RO138R","Reservoir metagenome","Reservoir","2017-08-09","Canada:Quebec","50.46229 N 63.23435 W","cDNA",1
"RO139D","Reservoir metagenome","Reservoir","2017-08-10","Canada:Quebec","50.6268 N 63.18727 W","DNA",1
"RO139R","Reservoir metagenome","Reservoir","2017-08-10","Canada:Quebec","50.6268 N 63.18727 W","cDNA",1
"RO141D","Reservoir metagenome","Reservoir","2017-08-14","Canada:Quebec","50.46284 N 63.23442 W","DNA",1
"RO141R","Reservoir metagenome","Reservoir","2017-08-14","Canada:Quebec","50.46284 N 63.23442 W","cDNA",1
"RO142D","Reservoir metagenome","Reservoir","2017-08-14","Canada:Quebec","50.45214 N 63.23266 W","DNA",1
"RO142R","Reservoir metagenome","Reservoir","2017-08-14","Canada:Quebec","50.45214 N 63.23266 W","cDNA",1
"RO143D","Reservoir metagenome","Reservoir","2017-08-14","Canada:Quebec","50.44199 N 63.22303 W","DNA",1
"RO143R","Reservoir metagenome","Reservoir","2017-08-14","Canada:Quebec","50.44199 N 63.22303 W","cDNA",1
"RO145D","Reservoir metagenome","Reservoir","2017-08-17","Canada:Quebec","50.38969 N 63.24699 W","DNA",1
"RO145HypoD","Reservoir metagenome","Reservoir_Hypolimnion","2017-08-17","Canada:Quebec","50.38969 N 63.24699 W","DNA",1
"RO145HypoR","Reservoir metagenome","Reservoir_Hypolimnion","2017-08-17","Canada:Quebec","50.38969 N 63.24699 W","cDNA",1
"RO145R","Reservoir metagenome","Reservoir","2017-08-17","Canada:Quebec","50.38969 N 63.24699 W","cDNA",1
"RO147D","Reservoir metagenome","Reservoir","2017-08-17","Canada:Quebec","50.42952 N 63.21965 W","DNA",1
"RO147R","Reservoir metagenome","Reservoir","2017-08-17","Canada:Quebec","50.42952 N 63.21965 W","cDNA",1
"RO149D","Reservoir metagenome","Reservoir","2017-10-05","Canada:Quebec","50.6269 N 63.18731 W","DNA",1
"RO149R","Reservoir metagenome","Reservoir","2017-10-05","Canada:Quebec","50.6269 N 63.18731 W","cDNA",1
"RO151D","Reservoir metagenome","Reservoir","2017-10-05","Canada:Quebec","50.4634 N 63.23511 W","DNA",1
"RO151R","Reservoir metagenome","Reservoir","2017-10-05","Canada:Quebec","50.4634 N 63.23511 W","cDNA",1
"RO152D","Reservoir metagenome","Reservoir","2017-10-08","Canada:Quebec","50.39031 N 63.24513 W","DNA",1
"RO152HypoD","Reservoir metagenome","Reservoir_Hypolimnion","2017-10-08","Canada:Quebec","50.39031 N 63.24513 W","DNA",1
"RO152HypoR","Reservoir metagenome","Reservoir_Hypolimnion","2017-10-08","Canada:Quebec","50.39031 N 63.24513 W","cDNA",1
"RO152R","Reservoir metagenome","Reservoir","2017-10-08","Canada:Quebec","50.39031 N 63.24513 W","cDNA",1
"RO154D","Reservoir metagenome","Reservoir","2017-10-08","Canada:Quebec","50.4296 N 63.21942 W","DNA",1
"RO154R","Reservoir metagenome","Reservoir","2017-10-08","Canada:Quebec","50.4296 N 63.21942 W","cDNA",1
"RO156D","Reservoir metagenome","Reservoir","2017-10-12","Canada:Quebec","50.45174 N 63.23296 W","DNA",1
"RO156R","Reservoir metagenome","Reservoir","2017-10-12","Canada:Quebec","50.45174 N 63.23296 W","cDNA",1
"RO157D","Reservoir metagenome","Reservoir","2017-10-12","Canada:Quebec","50.44228 N 63.22325 W","DNA",1
"RO157R","Reservoir metagenome","Reservoir","2017-10-12","Canada:Quebec","50.44228 N 63.22325 W","cDNA",1
"RO159D","Reservoir metagenome","Reservoir","2017-10-12","Canada:Quebec","50.4591 N 63.22037 W","DNA",1
"RO159R","Reservoir metagenome","Reservoir","2017-10-12","Canada:Quebec","50.4591 N 63.22037 W","cDNA",1
"RO201D","Reservoir metagenome","Reservoir","2015-06-10","Canada:Quebec","50.65452 N 63.26094 W","DNA",1
"RO203D","Reservoir metagenome","Reservoir","2015-06-11","Canada:Quebec","50.85649 N 63.14495 W","DNA",1
"RO205D","Reservoir metagenome","Reservoir","2015-06-13","Canada:Quebec","50.88609 N 63.22355 W","DNA",1
"RO206D","Reservoir metagenome","Reservoir","2015-06-13","Canada:Quebec","51.05861 N 63.19688 W","DNA",1
"RO207D","Reservoir metagenome","Reservoir","2015-06-13","Canada:Quebec","51.03348 N 63.29688 W","DNA",1
"RO208D","Reservoir metagenome","Reservoir","2015-06-13","Canada:Quebec","51.0619 N 63.35868 W","DNA",1
"RO209D","Reservoir metagenome","Reservoir","2015-06-13","Canada:Quebec","50.93158 N 63.35123 W","DNA",1
"RO2100D","Reservoir metagenome","Reservoir","2017-08-12","Canada:Quebec","50.75975 N 63.21184 W","DNA",1
"RO2100R","Reservoir metagenome","Reservoir","2017-08-12","Canada:Quebec","50.75975 N 63.21184 W","cDNA",1
"RO2102D","Reservoir metagenome","Reservoir","2017-08-14","Canada:Quebec","50.9921498694019 N 63.3060437297463 W","DNA",1
"RO2102R","Reservoir metagenome","Reservoir","2017-08-14","Canada:Quebec","50.9921498694019 N 63.3060437297463 W","cDNA",1
"RO2104D","Reservoir metagenome","Reservoir","2017-08-14","Canada:Quebec","51.0889757822202 N 63.3955844942646 W","DNA",1
"RO2104R","Reservoir metagenome","Reservoir","2017-08-14","Canada:Quebec","51.0889757822202 N 63.3955844942646 W","cDNA",1
"RO2108D","Reservoir metagenome","Reservoir","2017-08-15","Canada:Quebec","50.8987372446898 N 63.2472313117024 W","DNA",1
"RO2108R","Reservoir metagenome","Reservoir","2017-08-15","Canada:Quebec","50.8987372446898 N 63.2472313117024 W","cDNA",1
"RO2110D","Reservoir metagenome","Reservoir","2017-08-15","Canada:Quebec","50.8226619704731 N 63.1927175778933 W","DNA",1
"RO2110R","Reservoir metagenome","Reservoir","2017-08-15","Canada:Quebec","50.8226619704731 N 63.1927175778933 W","cDNA",1
"RO211140mD","Reservoir metagenome","Reservoir_Hypolimnion","2017-08-15","Canada:Quebec","50.6568 N 63.26298 W","DNA",1
"RO211140mR","Reservoir metagenome","Reservoir_Hypolimnion","2017-08-15","Canada:Quebec","50.6568 N 63.26298 W","cDNA",1
"RO211160mD","Reservoir metagenome","Reservoir","2017-08-15","Canada:Quebec","50.6568 N 63.26298 W","DNA",1
"RO211190mR","Reservoir metagenome","Reservoir","2017-08-15","Canada:Quebec","50.6568 N 63.26298 W","cDNA",1
"RO2111D","Reservoir metagenome","Reservoir","2017-08-15","Canada:Quebec","50.6568 N 63.26298 W","DNA",1
"RO2111R","Reservoir metagenome","Reservoir","2017-08-15","Canada:Quebec","50.6568 N 63.26298 W","cDNA",1
"RO2113D","Reservoir metagenome","Reservoir","2017-08-15","Canada:Quebec","50.7168841284306 N 63.2590529538016 W","DNA",1
"RO2113R","Reservoir metagenome","Reservoir","2017-08-15","Canada:Quebec","50.7168841284306 N 63.2590529538016 W","cDNA",1
"RO2117D","Reservoir metagenome","Reservoir","2017-10-04","Canada:Quebec","50.85482 N 63.14435 W","DNA",1
"RO2117R","Reservoir metagenome","Reservoir","2017-10-04","Canada:Quebec","50.85482 N 63.14435 W","cDNA",1
"RO2118D","Reservoir metagenome","Reservoir","2017-10-04","Canada:Quebec","50.84089 N 63.18458 W","DNA",1
"RO2118R","Reservoir metagenome","Reservoir","2017-10-04","Canada:Quebec","50.84089 N 63.18458 W","cDNA",1
"RO2119D","Reservoir metagenome","Reservoir","2017-10-05","Canada:Quebec","51.08891 N 63.39541 W","DNA",1
"RO2119R","Reservoir metagenome","Reservoir","2017-10-05","Canada:Quebec","51.08891 N 63.39541 W","cDNA",1
"RO2120D","Reservoir metagenome","Reservoir","2017-10-09","Canada:Quebec","50.73878 N 63.2341 W","DNA",1
"RO2120R","Reservoir metagenome","Reservoir","2017-10-09","Canada:Quebec","50.73878 N 63.2341 W","cDNA",1
"RO2122D","Reservoir metagenome","Reservoir","2017-10-09","Canada:Quebec","50.71616 N 63.25925 W","DNA",1
"RO2122R","Reservoir metagenome","Reservoir","2017-10-09","Canada:Quebec","50.71616 N 63.25925 W","cDNA",1
"RO2124D","Reservoir metagenome","Reservoir","2017-10-10","Canada:Quebec","50.65741 N 63.26254 W","DNA",1
"RO2124HypoD","Reservoir metagenome","Reservoir_Hypolimnion","2017-10-10","Canada:Quebec","50.65741 N 63.26254 W","DNA",1
"RO2124HypoR","Reservoir metagenome","Reservoir_Hypolimnion","2017-10-10","Canada:Quebec","50.65741 N 63.26254 W","cDNA",1
"RO2124R","Reservoir metagenome","Reservoir","2017-10-10","Canada:Quebec","50.65741 N 63.26254 W","cDNA",1
"RO21269mD","Reservoir metagenome","Reservoir_Hypolimnion","2017-10-10","Canada:Quebec","50.80048 N 63.20448 W","DNA",1
"RO21269mR","Reservoir metagenome","Reservoir_Hypolimnion","2017-10-10","Canada:Quebec","50.80048 N 63.20448 W","cDNA",1
"RO2126D","Reservoir metagenome","Reservoir","2017-10-10","Canada:Quebec","50.80048 N 63.20448 W","DNA",1
"RO2126HypoD","Reservoir metagenome","Reservoir_Hypolimnion","2017-10-10","Canada:Quebec","50.80048 N 63.20448 W","DNA",1
"RO2126HypoR","Reservoir metagenome","Reservoir_Hypolimnion","2017-10-10","Canada:Quebec","50.80048 N 63.20448 W","cDNA",1
"RO2126R","Reservoir metagenome","Reservoir","2017-10-10","Canada:Quebec","50.80048 N 63.20448 W","cDNA",1
"RO2132D","Reservoir metagenome","Reservoir","2017-10-10","Canada:Quebec","50.90195 N 63.25593 W","DNA",1
"RO2132R","Reservoir metagenome","Reservoir","2017-10-10","Canada:Quebec","50.90195 N 63.25593 W","cDNA",1
"RO213D","Reservoir metagenome","Reservoir","2015-06-17","Canada:Quebec","50.965944 N 63.296111 W","DNA",1
"RO216D","Reservoir metagenome","Reservoir","2015-08-04","Canada:Quebec","50.65478 N 63.25952 W","DNA",1
"RO219D","Reservoir metagenome","Reservoir","2015-08-04","Canada:Quebec","50.76554 N 63.20193 W","DNA",1
"RO220D","Reservoir metagenome","Reservoir","2015-08-06","Canada:Quebec","51.08314 N 63.38306 W","DNA",1
"RO221D","Reservoir metagenome","Reservoir","2015-08-06","Canada:Quebec","51.02922 N 63.29194 W","DNA",1
"RO222D","Reservoir metagenome","Reservoir","2015-08-06","Canada:Quebec","50.96213 N 63.2999 W","DNA",1
"RO223D","Reservoir metagenome","Reservoir","2015-08-06","Canada:Quebec","50.93333 N 63.34996 W","DNA",1
"RO226D","Reservoir metagenome","Reservoir","2015-08-07","Canada:Quebec","51.05861 N 63.19764 W","DNA",1
"RO228D","Reservoir metagenome","Reservoir","2015-08-07","Canada:Quebec","50.86131 N 63.15281 W","DNA",1
"RO229D","Reservoir metagenome","Reservoir","2015-08-07","Canada:Quebec","50.83579 N 63.19522 W","DNA",1
"RO230.1D","Reservoir metagenome","Reservoir","2016-06-01","Canada:Quebec","50.67471 N 63.24033 W","DNA",1
"RO230.2D","Reservoir metagenome","Reservoir","2016-06-01","Canada:Quebec","50.67471 N 63.24033 W","DNA",2
"RO230DPR","Reservoir metagenome","Reservoir","2016-06-01","Canada:Quebec","50.67471 N 63.24033 W","cDNA",1
"RO231D","Reservoir metagenome","Reservoir","2016-06-01","Canada:Quebec","50.66413 N 63.26339 W","DNA",1
"RO231R","Reservoir metagenome","Reservoir","2016-06-01","Canada:Quebec","50.66413 N 63.26339 W","cDNA",1
"RO232D","Reservoir metagenome","Reservoir","2016-06-02","Canada:Quebec","50.8887 N 63.22811 W","DNA",1
"RO232R","Reservoir metagenome","Reservoir","2016-06-02","Canada:Quebec","50.8887 N 63.22811 W","cDNA",1
"RO233D","Reservoir metagenome","Reservoir","2016-06-02","Canada:Quebec","50.85346 N 63.14424 W","DNA",1
"RO233R","Reservoir metagenome","Reservoir","2016-06-02","Canada:Quebec","50.85346 N 63.14424 W","cDNA",1
"RO234D","Reservoir metagenome","Reservoir","2016-06-03","Canada:Quebec","50.84412 N 63.18341 W","DNA",1
"RO234R","Reservoir metagenome","Reservoir","2016-06-03","Canada:Quebec","50.84412 N 63.18341 W","cDNA",1
"RO235D","Reservoir metagenome","Reservoir","2016-06-03","Canada:Quebec","50.79803 N 63.2 W","DNA",1
"RO235R","Reservoir metagenome","Reservoir","2016-06-03","Canada:Quebec","50.79803 N 63.2 W","cDNA",1
"RO236pD","Reservoir metagenome","Reservoir","2016-06-04","Canada:Quebec","50.65737 N 63.2671 W","DNA",1
"RO236pR","Reservoir metagenome","Reservoir","2016-06-04","Canada:Quebec","50.65737 N 63.2671 W","cDNA",1
"RO237D","Reservoir metagenome","Reservoir","2016-06-04","Canada:Quebec","50.74194 N 63.23214 W","DNA",1
"RO237R","Reservoir metagenome","Reservoir","2016-06-04","Canada:Quebec","50.74194 N 63.23214 W","cDNA",1
"RO238D","Reservoir metagenome","Reservoir","2016-06-04","Canada:Quebec","50.72093 N 63.26571 W","DNA",1
"RO238R","Reservoir metagenome","Reservoir","2016-06-04","Canada:Quebec","50.72093 N 63.26571 W","cDNA",1
"RO240D","Reservoir metagenome","Reservoir","2016-06-10","Canada:Quebec","51.08335 N 63.38289 W","DNA",1
"RO240R","Reservoir metagenome","Reservoir","2016-06-10","Canada:Quebec","51.08335 N 63.38289 W","cDNA",1
"RO241D","Reservoir metagenome","Reservoir","2016-06-10","Canada:Quebec","51.0348 N 63.29682 W","DNA",1
"RO241R","Reservoir metagenome","Reservoir","2016-06-10","Canada:Quebec","51.0348 N 63.29682 W","cDNA",1
"RO242D","Reservoir metagenome","Reservoir","2016-06-10","Canada:Quebec","51.05873 N 63.19751 W","DNA",1
"RO242R","Reservoir metagenome","Reservoir","2016-06-10","Canada:Quebec","51.05873 N 63.19751 W","cDNA",1
"RO243D","Reservoir metagenome","Reservoir","2016-06-10","Canada:Quebec","51.03102 N 63.39302 W","DNA",1
"RO243R","Reservoir metagenome","Reservoir","2016-06-10","Canada:Quebec","51.03102 N 63.39302 W","cDNA",1
"RO244D","Reservoir metagenome","Reservoir","2016-06-10","Canada:Quebec","50.96748 N 63.2967 W","DNA",1
"RO245D","Reservoir metagenome","Reservoir","2016-06-12","Canada:Quebec","50.94175 N 63.34061 W","DNA",1
"RO245R","Reservoir metagenome","Reservoir","2016-06-12","Canada:Quebec","50.94175 N 63.34061 W","cDNA",1
"RO246D","Reservoir metagenome","Reservoir","2016-08-05","Canada:Quebec","50.8881 N 63.22749 W","DNA",1
"RO246R","Reservoir metagenome","Reservoir","2016-08-05","Canada:Quebec","50.8881 N 63.22749 W","cDNA",1
"RO247D","Reservoir metagenome","Reservoir","2016-08-05","Canada:Quebec","50.85912 N 63.1628 W","DNA",1
"RO247R","Reservoir metagenome","Reservoir","2016-08-05","Canada:Quebec","50.85912 N 63.1628 W","cDNA",1
"RO248D","Reservoir metagenome","Reservoir","2016-08-07","Canada:Quebec","51.00187 N 63.34712 W","DNA",1
"RO248R","Reservoir metagenome","Reservoir","2016-08-07","Canada:Quebec","51.00187 N 63.34712 W","cDNA",1
"RO249D","Reservoir metagenome","Reservoir","2016-08-07","Canada:Quebec","51.02136 N 63.30664 W","DNA",1
"RO249R","Reservoir metagenome","Reservoir","2016-08-07","Canada:Quebec","51.02136 N 63.30664 W","cDNA",1
"RO250D","Reservoir metagenome","Reservoir","2016-08-07","Canada:Quebec","51.05091 N 63.19594 W","DNA",1
"RO250R","Reservoir metagenome","Reservoir","2016-08-07","Canada:Quebec","51.05091 N 63.19594 W","cDNA",1
"RO251D","Reservoir metagenome","Reservoir","2016-08-07","Canada:Quebec","51.01549 N 63.25632 W","DNA",1
"RO251R","Reservoir metagenome","Reservoir","2016-08-07","Canada:Quebec","51.01549 N 63.25632 W","cDNA",1
"RO252D","Reservoir metagenome","Reservoir","2016-08-08","Canada:Quebec","50.94286 N 63.34372 W","DNA",1
"RO252R","Reservoir metagenome","Reservoir","2016-08-08","Canada:Quebec","50.94286 N 63.34372 W","cDNA",1
"RO253D","Reservoir metagenome","Reservoir","2016-08-08","Canada:Quebec","50.95873 N 63.30883 W","DNA",1
"RO254R","Reservoir metagenome","Reservoir","2016-08-08","Canada:Quebec","50.86029 N 63.18496 W","cDNA",1
"RO255D","Reservoir metagenome","Reservoir","2016-08-10","Canada:Quebec","50.8422 N 63.18331 W","DNA",1
"RO255R","Reservoir metagenome","Reservoir","2016-08-10","Canada:Quebec","50.8422 N 63.18331 W","cDNA",1
"RO256D","Reservoir metagenome","Reservoir","2016-08-10","Canada:Quebec","50.7984 N 63.20644 W","DNA",1
"RO256R","Reservoir metagenome","Reservoir","2016-08-10","Canada:Quebec","50.7984 N 63.20644 W","cDNA",1
"RO257D","Reservoir metagenome","Reservoir","2016-08-10","Canada:Quebec","50.75955 N 63.2112 W","DNA",1
"RO257R","Reservoir metagenome","Reservoir","2016-08-10","Canada:Quebec","50.75955 N 63.2112 W","cDNA",1
"RO261D","Reservoir metagenome","Reservoir","2016-08-13","Canada:Quebec","50.6547 N 63.26506 W","DNA",1
"RO297D","Reservoir metagenome","Reservoir","2017-08-11","Canada:Quebec","50.82479 N 63.17999 W","DNA",1
"RO297R","Reservoir metagenome","Reservoir","2017-08-11","Canada:Quebec","50.82479 N 63.17999 W","cDNA",1
"RO2987mD","Reservoir metagenome","Reservoir_Hypolimnion","2017-08-11","Canada:Quebec","50.80039 N 63.20394 W","DNA",1
"RO2987mR","Reservoir metagenome","Reservoir_Hypolimnion","2017-08-11","Canada:Quebec","50.80039 N 63.20394 W","cDNA",1
"RO298D","Reservoir metagenome","Reservoir","2017-08-11","Canada:Quebec","50.80039 N 63.20394 W","DNA",1
"RO298R","Reservoir metagenome","Reservoir","2017-08-11","Canada:Quebec","50.80039 N 63.20394 W","cDNA",1
"RO301HypoR","Reservoir metagenome","Reservoir_Hypolimnion","2017-08-10","Canada:Quebec","51.3118994887173 N 63.4259373158468 W","cDNA",1
"RO301R","Reservoir metagenome","Reservoir","2017-08-10","Canada:Quebec","51.3118994887173 N 63.4259373158468 W","cDNA",1
"RO304R","Reservoir metagenome","Reservoir","2017-08-10","Canada:Quebec","51.1896697037461 N 63.3588511506079 W","cDNA",1
"RO307R","Reservoir metagenome","Reservoir","2017-08-11","Canada:Quebec","51.2830197766487 N 63.3743239739394 W","cDNA",1
"RO312D","Reservoir metagenome","Reservoir","2017-10-06","Canada:Quebec","51.32493 N 63.46063 W","DNA",1
"RO312R","Reservoir metagenome","Reservoir","2017-10-06","Canada:Quebec","51.32493 N 63.46063 W","cDNA",1
"RO316D","Reservoir metagenome","Reservoir","2017-10-06","Canada:Quebec","51.26332 N 63.3294 W","DNA",1
"RO316R","Reservoir metagenome","Reservoir","2017-10-06","Canada:Quebec","51.26332 N 63.3294 W","cDNA",1
"RO317D","Reservoir metagenome","Reservoir","2017-10-07","Canada:Quebec","51.14686 N 63.40013 W","DNA",1
"RO317R","Reservoir metagenome","Reservoir","2017-10-07","Canada:Quebec","51.14686 N 63.40013 W","cDNA",1
"RO318D","Reservoir metagenome","Reservoir","2017-10-09","Canada:Quebec","51.143162 N 63.40057 W","DNA",1
"RO318HypoD","Reservoir metagenome","Reservoir_Hypolimnion","2017-10-09","Canada:Quebec","51.143681 N 63.39917 W","DNA",1
"RO318HypoR","Reservoir metagenome","Reservoir_Hypolimnion","2017-10-09","Canada:Quebec","51.143681 N 63.39917 W","cDNA",1
"RO318R","Reservoir metagenome","Reservoir","2017-10-09","Canada:Quebec","51.143162 N 63.40057 W","cDNA",1
"RO31D","Reservoir metagenome","Reservoir","2017-08-10","Canada:Quebec","51.3118994887173 N 63.4259373158468 W","DNA",1
"RO31HypoD","Reservoir metagenome","Reservoir_Hypolimnion","2017-08-10","Canada:Quebec","51.3118994887173 N 63.4259373158468 W","DNA",1
"RO34D","Reservoir metagenome","Reservoir","2017-08-10","Canada:Quebec","51.1896697037461 N 63.3588511506079 W","DNA",1
"RO37D","Reservoir metagenome","Reservoir","2017-08-11","Canada:Quebec","51.2830197766487 N 63.3743239739394 W","DNA",1
"S33D","Soil metagenome","Soil","2016-08-04","Canada:Quebec","51.36618 N 63.87583 W","DNA",1
"S33R","Soil metagenome","Soil","2016-08-04","Canada:Quebec","51.36618 N 63.87583 W","cDNA",1
"S34D","Soil metagenome","Soil","2016-08-04","Canada:Quebec","51.36654 N 63.87719 W","DNA",1
"S34R","Soil metagenome","Soil","2016-08-04","Canada:Quebec","51.36654 N 63.87719 W","cDNA",1
"S35D","Soil metagenome","Soil","2016-08-05","Canada:Quebec","51.21284 N 63.92261 W","DNA",1
"S35R","Soil metagenome","Soil","2016-08-05","Canada:Quebec","51.21284 N 63.92261 W","cDNA",1
"S36D","Soil metagenome","Soil","2016-08-05","Canada:Quebec","51.2095 N 63.92261 W","DNA",1
"S36R","Soil metagenome","Soil","2016-08-05","Canada:Quebec","51.2095 N 63.92261 W","cDNA",1
"S37D","Soil metagenome","Soil","2016-08-07","Canada:Quebec","51.20212 N 63.92330 W","DNA",1
"S37R","Soil metagenome","Soil","2016-08-07","Canada:Quebec","51.20212 N 63.92330 W","cDNA",1
"S39D","Soil metagenome","Soil","2016-08-07","Canada:Quebec","51.18631 N 63.93174 W","DNA",1
"S39R","Soil metagenome","Soil","2016-08-07","Canada:Quebec","51.18631 N 63.93174 W","cDNA",1
"S40D","Soil metagenome","Soil","2016-08-09","Canada:Quebec","51.303572 N 63.86920 W","DNA",1
"S40R","Soil metagenome","Soil","2016-08-09","Canada:Quebec","51.303572 N 63.86920 W","cDNA",1
"S42D","Soil metagenome","Soil","2016-08-10","Canada:Quebec","51.30536 N 63.86490 W","DNA",1
"S42R","Soil metagenome","Soil","2016-08-10","Canada:Quebec","51.30536 N 63.86490 W","cDNA",1
"SED315D","Sediment metagenome","Sediment","2015-06-17","Canada:Quebec","51.18145 N 63.89828 W","DNA",1
"SED316D","Sediment metagenome","Sediment","2015-06-17","Canada:Quebec","51.18873 N 63.90278 W","DNA",1
"SED317D","Sediment metagenome","Sediment","2015-06-17","Canada:Quebec","51.18144 N 63.92325 W","DNA",1
"SED318D","Sediment metagenome","Sediment","2015-06-17","Canada:Quebec","50.22601 N 63.91127 W","DNA",1
"SED319D","Sediment metagenome","Sediment","2015-06-17","Canada:Quebec","50.21503 N 63.89979 W","DNA",1
"SEDL313D","Sediment metagenome","Sediment","2015-06-16","Canada:Quebec","51.18194 N 63.92686 W","DNA",1
"SEDL314D","Sediment metagenome","Sediment","2015-06-17","Canada:Quebec","51.17814 N 63.92364 W","DNA",1
"SEDL323D","Sediment metagenome","Sediment","2015-08-07","Canada:Quebec","51.18145 N 63.92259 W","DNA",1
"SEDL324D","Sediment metagenome","Sediment","2015-08-07","Canada:Quebec","51.18139 N 63.89829 W","DNA",1
"SEDL325D","Sediment metagenome","Sediment","2015-08-07","Canada:Quebec","51.17887 N 63.92581 W","DNA",1
"SEDL326D","Sediment metagenome","Sediment","2015-08-07","Canada:Quebec","51.18167 N 63.92587 W","DNA",1
"SEDL327D","Sediment metagenome","Sediment","2015-08-07","Canada:Quebec","51.18924 N 63.90315 W","DNA",1
"SEDLR10D","Sediment metagenome","Sediment","2015-06-14","Canada:Quebec","52.27356 N 63.77532 W","DNA",1
"SEDLR12D","Sediment metagenome","Sediment","2015-06-14","Canada:Quebec","52.35785 N 64.00396","DNA",1
"SEDLR14D","Sediment metagenome","Sediment","2015-06-14","Canada:Quebec","52.09031 N 63.83427 W","DNA",1
"SEDLR35D","Sediment metagenome","Sediment","2015-08-09","Canada:Quebec","52.35411 N 63.99541 W","DNA",1
"SEDLR36D","Sediment metagenome","Sediment","2015-08-09","Canada:Quebec","52.23624 N 63.77818 W","DNA",1
"SEDLR39D","Sediment metagenome","Sediment","2015-08-09","Canada:Quebec","52.08602 N 63.83853 W","DNA",1
"SL322D","Soil metagenome","Soil","2015-08-04","Canada:Quebec","50.21165 N 63.91142 W","DNA",1
"SL323D","Soil metagenome","Soil","2015-08-07","Canada:Quebec","51.18924 N 63.90315 W","DNA",1
"SL325D","Soil metagenome","Soil","2015-08-07","Canada:Quebec","51.17887 N 63.92581 W","DNA",1
"SL326D","Soil metagenome","Soil","2015-08-07","Canada:Quebec","51.18167 N 63.92587 W","DNA",1
"SL327D","Soil metagenome","Soil","2015-08-07","Canada:Quebec","51.18145 N 63.92259 W","DNA",1
"SLR01D","Soil metagenome","Soil","2015-06-09","Canada:Quebec","50.55314 N 63.21136 W","DNA",1
"SLR02D","Soil metagenome","Soil","2015-06-09","Canada:Quebec","50.43434 N 63.25355 W","DNA",1
"SLR04D","Soil metagenome","Soil","2015-06-15","Canada:Quebec","50.3795 N 63.26425 W","DNA",1
"SPR01D","Soil metagenome","Soil","2015-06-07","Canada:Quebec","51.368157 N 63.876955 W","DNA",1
"SPR02D","Soil metagenome","Soil","2015-06-08","Canada:Quebec","51.21028 N 63.92063 W","DNA",1
"SPR03D","Soil metagenome","Soil","2015-06-13","Canada:Quebec","51.20287 N 63.92476 W","DNA",1
"SPR04D","Soil metagenome","Soil","2015-06-13","Canada:Quebec","51.1863 N 63.9319 W","DNA",1
"SPR05D","Soil metagenome","Soil","2015-06-14","Canada:Quebec","51.303572 N 63.869197 W","DNA",1
"SPR06D","Soil metagenome","Soil","2015-06-16","Canada:Quebec","51.30408 N 63.85239 W","DNA",1
"SPR07D","Soil metagenome","Soil","2015-06-17","Canada:Quebec","51.17814 N 63.92364 W","DNA",1
"SPR08D","Soil metagenome","Soil","2015-06-17","Canada:Quebec","51.18873 N 63.90278 W","DNA",1
"SPR09D","Soil metagenome","Soil","2015-06-17","Canada:Quebec","51.18144 N 63.92325 W","DNA",1
"SPR10D","Soil metagenome","Soil","2015-06-17","Canada:Quebec","50.22601 N 63.91127 W","DNA",1
"SPR13D","Soil metagenome","Soil","2015-08-02","Canada:Quebec","51.36792 N 63.87695 W","DNA",1
"SPR16D","Soil metagenome","Soil","2015-08-03","Canada:Quebec","51.30365 N 63.86974 W","DNA",1
"SPR18D","Soil metagenome","Soil","2015-08-04","Canada:Quebec","51.30387 N 63.85239 W","DNA",1
"SPR20D","Soil metagenome","Soil","2015-08-05","Canada:Quebec","51.20218 N 63.92313 W","DNA",1
"SPR21D","Soil metagenome","Soil","2015-08-06","Canada:Quebec","51.21072 N 63.92059 W","DNA",1
"SPR23D","Soil metagenome","Soil","2015-08-07","Canada:Quebec","51.1863 N 63.9319 W","DNA",1
"ST21D","Soil metagenome","Soil","2015-08-08","Canada:Quebec","51.45175 N 63.80902 W","DNA",1
"ST27D","Soil metagenome","Soil","2015-08-09","Canada:Quebec","50.91058 N 63.24684 W","DNA",1
"SW24D","Soilwater metagenome","Soilwater","2016-06-10","Canada:Quebec","51.21285 N 63.92264 W","DNA",1
"SW24R","Soilwater metagenome","Soilwater","2016-06-10","Canada:Quebec","51.21285 N 63.92264 W","cDNA",1
"SW26D","Soilwater metagenome","Soilwater","2016-06-11","Canada:Quebec","51.36657 N 63.87721 W","DNA",1
"SW26R","Soilwater metagenome","Soilwater","2016-06-11","Canada:Quebec","51.36657 N 63.87721 W","cDNA",1
"SW27D","Soilwater metagenome","Soilwater","2016-06-11","Canada:Quebec","51.36616 N 63.87573 W","DNA",1
"SW27R","Soilwater metagenome","Soilwater","2016-06-11","Canada:Quebec","51.36616 N 63.87573 W","cDNA",1
"SW28D","Soilwater metagenome","Soilwater","2016-06-12","Canada:Quebec","51.20215 N 63.92329 W","DNA",1
"SW28R","Soilwater metagenome","Soilwater","2016-06-12","Canada:Quebec","51.20215 N 63.92329 W","cDNA",1
"SW30D","Soilwater metagenome","Soilwater","2016-06-12","Canada:Quebec","51.18623 N 63.93188 W","DNA",1
"SW30R","Soilwater metagenome","Soilwater","2016-06-12","Canada:Quebec","51.18623 N 63.93188 W","cDNA",1
"SW31D","Soilwater metagenome","Soilwater","2016-06-15","Canada:Quebec","51.30344 N 63.86294 W","DNA",1
"SW31R","Soilwater metagenome","Soilwater","2016-06-15","Canada:Quebec","51.30344 N 63.86294 W","cDNA",1
"SW33D","Soilwater metagenome","Soilwater","2016-08-04","Canada:Quebec","51.36618 N 63.87583 W","DNA",1
"SW33R","Soilwater metagenome","Soilwater","2016-08-04","Canada:Quebec","51.36618 N 63.87583 W","cDNA",1
"SW34D","Soilwater metagenome","Soilwater","2016-08-05","Canada:Quebec","51.36654 N 63.87719 W","DNA",1
"SW35D","Soilwater metagenome","Soilwater","2016-08-06","Canada:Quebec","51.21284 N 63.92261 W","DNA",1
"SW35R","Soilwater metagenome","Soilwater","2016-08-06","Canada:Quebec","51.21284 N 63.92261 W","cDNA",1
"SW36D","Soilwater metagenome","Soilwater","2016-08-06","Canada:Quebec","51.2095 N 63.92092 W","DNA",1
"SW36R","Soilwater metagenome","Soilwater","2016-08-06","Canada:Quebec","51.2095 N 63.92092 W","cDNA",1
"SW37D","Soilwater metagenome","Soilwater","2016-08-07","Canada:Quebec","51.20212 N 63.9233 W","DNA",1
"SW39D","Soilwater metagenome","Soilwater","2016-08-07","Canada:Quebec","51.18631 N 63.93174 W","DNA",1
"SW40D","Soilwater metagenome","Soilwater","2016-08-09","Canada:Quebec","51.303572 N 63.869197 W","DNA",1
"SW40R","Soilwater metagenome","Soilwater","2016-08-09","Canada:Quebec","51.303572 N 63.869197 W","cDNA",1
"SW42D","Soilwater metagenome","Soilwater","2016-08-10","Canada:Quebec","51.30536 N 63.8649 W","DNA",1
"SW42R","Soilwater metagenome","Soilwater","2016-08-10","Canada:Quebec","51.30536 N 63.8649 W","cDNA",1
"SW43D","Soilwater metagenome","Soilwater","2016-08-11","Canada:Quebec","51.30408 N 63.85194 W","DNA",1
"SW43R","Soilwater metagenome","Soilwater","2016-08-11","Canada:Quebec","51.30408 N 63.85194 W","cDNA",1
"SWL322D","Soilwater metagenome","Soilwater","2015-08-04","Canada:Quebec","50.21165 N 63.91142 W","DNA",1
"SWL323D","Soilwater metagenome","Soilwater","2015-08-07","Canada:Quebec","51.18924 N 63.90315 W","DNA",1
"SWL325D","Soilwater metagenome","Soilwater","2015-08-07","Canada:Quebec","51.17887 N 63.92581 W","DNA",1
"SWL326D","Soilwater metagenome","Soilwater","2015-08-07","Canada:Quebec","51.18167 N 63.92587 W","DNA",1
"SWL327D","Soilwater metagenome","Soilwater","2015-08-07","Canada:Quebec","51.18145 N 63.92259 W","DNA",1
"SWLR01D","Soilwater metagenome","Soilwater","2015-06-09","Canada:Quebec","50.55314 N 63.21136 W","DNA",1
"SWLR02D","Soilwater metagenome","Soilwater","2015-06-09","Canada:Quebec","50.43434 N 63.25355 W","DNA",1
"SWLR03D","Soilwater metagenome","Soilwater","2015-06-09","Canada:Quebec","50.43434 N 63.25355 W","DNA",1
"SWLR04D","Soilwater metagenome","Soilwater","2015-06-15","Canada:Quebec","50.3795 N 63.26425 W","DNA",1
"SWPR01D","Soilwater metagenome","Soilwater","2015-06-07","Canada:Quebec","51.368157 N 63.876955 W","DNA",1
"SWPR02D","Soilwater metagenome","Soilwater","2015-06-08","Canada:Quebec","51.21028 N 63.92063 W","DNA",1
"SWPR03D","Soilwater metagenome","Soilwater","2015-06-13","Canada:Quebec","51.20287 N 63.92476 W","DNA",1
"SWPR04D","Soilwater metagenome","Soilwater","2015-06-13","Canada:Quebec","51.1863 N 63.9319 W","DNA",1
"SWPR05D","Soilwater metagenome","Soilwater","2015-06-14","Canada:Quebec","51.303572 N 63.869197 W","DNA",1
"SWPR06D","Soilwater metagenome","Soilwater","2015-06-16","Canada:Quebec","51.30408 N 63.85239 W","DNA",1
"SWPR07D","Soilwater metagenome","Soilwater","2015-06-17","Canada:Quebec","51.17814 N 63.92364 W","DNA",1
"SWPR08D","Soilwater metagenome","Soilwater","2015-06-17","Canada:Quebec","51.18873 N 63.90278 W","DNA",1
"SWPR09D","Soilwater metagenome","Soilwater","2015-06-17","Canada:Quebec","51.18144 N 63.92325 W","DNA",1
"SWPR10D","Soilwater metagenome","Soilwater","2015-06-17","Canada:Quebec","50.22601 N 63.91127 W","DNA",1
"SWPR13D","Soilwater metagenome","Soilwater","2015-08-02","Canada:Quebec","51.36792 N 63.87695 W","DNA",1
"SWPR16D","Soilwater metagenome","Soilwater","2015-08-03","Canada:Quebec","51.30365 N 63.86974 W","DNA",1
"SWPR18D","Soilwater metagenome","Soilwater","2015-08-04","Canada:Quebec","51.30387 N 63.85239 W","DNA",1
"SWPR20D","Soilwater metagenome","Soilwater","2015-08-05","Canada:Quebec","51.20218 N 63.92313 W","DNA",1
"SWPR21D","Soilwater metagenome","Soilwater","2015-08-06","Canada:Quebec","51.21072 N 63.92059 W","DNA",1
"SWPR23D","Soilwater metagenome","Soilwater","2015-08-07","Canada:Quebec","51.1863 N 63.9319 W","DNA",1
"SWR34R","Soilwater metagenome","Soilwater","2016-08-05","Canada:Quebec","51.36654 N 63.87719 W","cDNA",1
"SWT21D","Soilwater metagenome","Soilwater","2015-08-08","Canada:Quebec","51.45175 N 63.80902 W","DNA",1
"SWT25D","Soilwater metagenome","Soilwater","2015-08-08","Canada:Quebec","51.61302 N 63.67693 W","DNA",1
"SWT27D","Soilwater metagenome","Soilwater","2015-08-09","Canada:Quebec","50.91058 N 63.24684 W","DNA",1
"SWT29D","Soilwater metagenome","Soilwater","2015-08-10","Canada:Quebec","51.33701 N 63.61772 W","DNA",1
"T27D","Tributary metagenome","Tributary","2015-08-09","Canada:Quebec","50.91047 N 63.24681 W","DNA",1
"T37D","Tributary metagenome","Tributary","2015-08-13","Canada:Quebec","50.37239 N 63.26387 W","DNA",1
"T38D","Tributary metagenome","Tributary","2015-08-13","Canada:Quebec","50.56943 N 63.19675 W","DNA",1
"T47D","Tributary metagenome","Tributary","2016-06-14","Canada:Quebec","50.3108 N 63.66121 W","DNA",1
"T47R","Tributary metagenome","Tributary","2016-06-14","Canada:Quebec","50.3108 N 63.66121 W","cDNA",1
"T48D","Tributary metagenome","Tributary","2016-06-14","Canada:Quebec","50.32102 N 63.720285 W","DNA",1
"T48R","Tributary metagenome","Tributary","2016-06-14","Canada:Quebec","50.32102 N 63.720285 W","cDNA",1
"TR49.1D","Tributary metagenome","Tributary","2016-06-15","Canada:Quebec","50.42892 N 63.21438 W","DNA",1
"TR49.2D","Tributary metagenome","Tributary","2016-06-15","Canada:Quebec","50.42892 N 63.21438 W","DNA",2
"TR49R","Tributary metagenome","Tributary","2016-06-15","Canada:Quebec","50.42892 N 63.21438 W","cDNA",1
"TR56D","Tributary metagenome","Tributary","2017-08-18","Canada:Quebec","50.31016 N 63.66162 W","DNA",1
"TR56R","Tributary metagenome","Tributary","2017-08-18","Canada:Quebec","50.31016 N 63.66162 W","cDNA",1
"TR57D","Tributary metagenome","Tributary","2017-10-06","Canada:Quebec","50.31023 N 63.66136 W","DNA",1
"TR57R","Tributary metagenome","Tributary","2017-10-06","Canada:Quebec","50.31023 N 63.66136 W","cDNA",1
"WELL1D","Wellwater metagenome","Wellwater","2015-06-18","Canada:Quebec","50.58879 N 63.18764 W","DNA",1
"WELL2D","Wellwater metagenome","Wellwater","2015-06-18","Canada:Quebec","50.62034 N 63.1893 W","DNA",1
"WELL3D","Wellwater metagenome","Wellwater","2015-06-18","Canada:Quebec","50.37795 N 63.26105 W","DNA",1
"WELL4D","Wellwater metagenome","Wellwater","2015-06-18","Canada:Quebec","50.38432 N 63.25247 W","DNA",1
